[{"pk": 10, "model": "orders.orderitem", "fields": {"modified_by": -1, "option": 2, "shopping_id": "9VLV$970E&5BK9E6MXM8@UK#4LY3F5GU0J5HR6BB!J9BR(2OQM@NH%)T)5VAK!T*YO4J2BM953UBWK$98T#GL()SWJVY5)@&AW7$", "is_active": true, "created_by": -1, "item": 1, "created_on": "2013-09-04T16:14:11", "toppings_and_extras": [], "modified_on": "2013-09-04T16:17:21", "quantity": 2}}, {"pk": 11, "model": "orders.orderitem", "fields": {"modified_by": -1, "option": null, "shopping_id": "9VLV$970E&5BK9E6MXM8@UK#4LY3F5GU0J5HR6BB!J9BR(2OQM@NH%)T)5VAK!T*YO4J2BM953UBWK$98T#GL()SWJVY5)@&AW7$", "is_active": true, "created_by": -1, "item": 5, "created_on": "2013-09-04T16:17:48", "toppings_and_extras": [], "modified_on": "2013-09-04T16:17:48", "quantity": 2}}, {"pk": 12, "model": "orders.orderitem", "fields": {"modified_by": -1, "option": null, "shopping_id": "G9P2H)6L1@T^MEE5#2LKR@ATIC!F&46F%&1@2NVR4LASR8$7UX@D!@JA!)!4&2DJ)2Z@1OI3BHY2$Q%4JAJCR1%4&MFU7EN5)2$E", "is_active": true, "created_by": -1, "item": 1, "created_on": "2013-09-10T10:41:01", "toppings_and_extras": [1, 2], "modified_on": "2013-09-10T10:43:02", "quantity": 6}}, {"pk": 14, "model": "orders.orderitem", "fields": {"modified_by": -1, "option": null, "shopping_id": "0!B@J(HSLMW*$FREGIFZ8W#NC5CQR%X&0MSDMP8T(0L3EJUD3VCAW98K)$9*L41%GG)!VFJNSTYPNE0T(1^79@B(GOV%&JE*%6JS", "is_active": true, "created_by": -1, "item": 1, "created_on": "2013-09-10T10:49:57", "toppings_and_extras": [1, 2], "modified_on": "2013-09-10T10:57:57", "quantity": 4}}, {"pk": 1, "model": "orders.order", "fields": {"status": 1, "modified_by": -1, "name": "mark", "restaurant": 1, "mobile": "+250785559899", "is_active": true, "created_by": -1, "date": "2013-09-02T11:24:18", "created_on": "2013-09-02T11:24:18", "additional_information": "test", "address": "klab Restaurant,6th floor Telecom house,Kacyiru", "modified_on": "2013-09-02T11:24:18"}}, {"pk": 2, "model": "orders.order", "fields": {"status": 1, "modified_by": -1, "name": "mark", "restaurant": 1, "mobile": "+250785557777", "is_active": true, "created_by": -1, "date": "2013-09-04T14:17:21", "created_on": "2013-09-04T14:17:21", "additional_information": "test today", "address": "klab Restaurant,6th floor Telecom house,Kacyiru", "modified_on": "2013-09-04T14:17:21"}}, {"pk": 3, "model": "orders.order", "fields": {"status": 1, "modified_by": -1, "name": "mark", "restaurant": 1, "mobile": "+250785559899", "is_active": true, "created_by": -1, "date": "2013-09-06T08:21:30", "created_on": "2013-09-06T08:21:30", "additional_information": "test with toppings\r\n", "address": "klab Restaurant,6th floor Telecom house,Kacyiru", "modified_on": "2013-09-06T08:21:30"}}, {"pk": 4, "model": "orders.order", "fields": {"status": 1, "modified_by": -1, "name": "mark", "restaurant": 1, "mobile": "+250785559899", "is_active": true, "created_by": -1, "date": "2013-09-06T08:26:16", "created_on": "2013-09-06T08:26:16", "additional_information": "test with toppings\r\n", "address": "klab Restaurant,6th floor Telecom house,Kacyiru", "modified_on": "2013-09-06T08:26:16"}}, {"pk": 5, "model": "orders.order", "fields": {"status": 1, "modified_by": -1, "name": "mark", "restaurant": 1, "mobile": "+250785559899", "is_active": true, "created_by": -1, "date": "2013-09-06T08:31:09", "created_on": "2013-09-06T08:31:09", "additional_information": "test with toppings\r\n", "address": "klab Restaurant,6th floor Telecom house,Kacyiru", "modified_on": "2013-09-06T08:31:09"}}, {"pk": 6, "model": "orders.order", "fields": {"status": 1, "modified_by": -1, "name": "mark", "restaurant": 1, "mobile": "+250785559899", "is_active": true, "created_by": -1, "date": "2013-09-06T08:31:38", "created_on": "2013-09-06T08:31:38", "additional_information": "test with toppings\r\n", "address": "klab Restaurant,6th floor Telecom house,Kacyiru", "modified_on": "2013-09-06T08:31:38"}}, {"pk": 7, "model": "orders.order", "fields": {"status": 1, "modified_by": -1, "name": "mark", "restaurant": 1, "mobile": "+250785559899", "is_active": true, "created_by": -1, "date": "2013-09-06T08:33:50", "created_on": "2013-09-06T08:33:50", "additional_information": "test with toppings\r\n", "address": "klab Restaurant,6th floor Telecom house,Kacyiru", "modified_on": "2013-09-06T08:33:50"}}, {"pk": 8, "model": "orders.order", "fields": {"status": 1, "modified_by": -1, "name": "mark", "restaurant": 1, "mobile": "+250785559899", "is_active": true, "created_by": -1, "date": "2013-09-06T08:35:51", "created_on": "2013-09-06T08:35:51", "additional_information": "test with toppings\r\n", "address": "klab Restaurant,6th floor Telecom house,Kacyiru", "modified_on": "2013-09-06T08:35:51"}}, {"pk": 9, "model": "orders.order", "fields": {"status": 1, "modified_by": -1, "name": "mark", "restaurant": 1, "mobile": "+250785559899", "is_active": true, "created_by": -1, "date": "2013-09-06T08:38:15", "created_on": "2013-09-06T08:38:15", "additional_information": "test with toppings\r\n", "address": "klab Restaurant,6th floor Telecom house,Kacyiru", "modified_on": "2013-09-06T08:38:15"}}, {"pk": 10, "model": "orders.order", "fields": {"status": 1, "modified_by": -1, "name": "mark", "restaurant": 1, "mobile": "+250785559899", "is_active": true, "created_by": -1, "date": "2013-09-06T08:39:04", "created_on": "2013-09-06T08:39:04", "additional_information": "test with toppings\r\n", "address": "klab Restaurant,6th floor Telecom house,Kacyiru", "modified_on": "2013-09-06T08:39:04"}}, {"pk": 11, "model": "orders.order", "fields": {"status": 1, "modified_by": -1, "name": "mark", "restaurant": 1, "mobile": "+250785559899", "is_active": true, "created_by": -1, "date": "2013-09-06T08:43:17", "created_on": "2013-09-06T08:43:17", "additional_information": "test with toppings\r\n", "address": "klab Restaurant,6th floor Telecom house,Kacyiru", "modified_on": "2013-09-06T08:43:17"}}, {"pk": 12, "model": "orders.order", "fields": {"status": 1, "modified_by": -1, "name": "mark", "restaurant": 1, "mobile": "+250785559899", "is_active": true, "created_by": -1, "date": "2013-09-06T08:54:03", "created_on": "2013-09-06T08:54:03", "additional_information": "testing 1 2\r\n", "address": "ksd,res,gasabo", "modified_on": "2013-09-06T08:54:03"}}, {"pk": 13, "model": "orders.order", "fields": {"status": 1, "modified_by": -1, "name": "mark", "restaurant": 1, "mobile": "+250785559899", "is_active": true, "created_by": -1, "date": "2013-09-06T08:57:39", "created_on": "2013-09-06T08:57:39", "additional_information": "testing 1 2\r\n", "address": "ksd,res,gasabo", "modified_on": "2013-09-06T08:57:39"}}, {"pk": 14, "model": "orders.order", "fields": {"status": 1, "modified_by": -1, "name": "mark", "restaurant": 1, "mobile": "+250785559899", "is_active": true, "created_by": -1, "date": "2013-09-06T08:59:48", "created_on": "2013-09-06T08:59:48", "additional_information": "testing 1 2\r\n", "address": "ksd,res,gasabo", "modified_on": "2013-09-06T08:59:48"}}, {"pk": 15, "model": "orders.order", "fields": {"status": 1, "modified_by": -1, "name": "mark", "restaurant": 1, "mobile": "+250785559899", "is_active": true, "created_by": -1, "date": "2013-09-06T09:02:25", "created_on": "2013-09-06T09:02:25", "additional_information": "testing 1 2\r\n", "address": "ksd,res,gasabo", "modified_on": "2013-09-06T09:02:25"}}, {"pk": 16, "model": "orders.order", "fields": {"status": 1, "modified_by": -1, "name": "mark", "restaurant": 1, "mobile": "+250785559899", "is_active": true, "created_by": -1, "date": "2013-09-06T09:03:46", "created_on": "2013-09-06T09:03:46", "additional_information": "testing 1 2\r\n", "address": "ksd,res,gasabo", "modified_on": "2013-09-06T09:03:46"}}, {"pk": 17, "model": "orders.order", "fields": {"status": 1, "modified_by": -1, "name": "mark", "restaurant": 1, "mobile": "+250785559899", "is_active": true, "created_by": -1, "date": "2013-09-06T09:04:40", "created_on": "2013-09-06T09:04:40", "additional_information": "testing 1 2\r\n", "address": "ksd,res,gasabo", "modified_on": "2013-09-06T09:04:40"}}, {"pk": 18, "model": "orders.order", "fields": {"status": 1, "modified_by": -1, "name": "mark", "restaurant": 1, "mobile": "+250785559899", "is_active": true, "created_by": -1, "date": "2013-09-06T09:15:10", "created_on": "2013-09-06T09:15:10", "additional_information": "blala", "address": "ksd,res,gasabo", "modified_on": "2013-09-06T09:15:10"}}, {"pk": 19, "model": "orders.order", "fields": {"status": 1, "modified_by": -1, "name": "mark", "restaurant": 1, "mobile": "+25078222222", "is_active": true, "created_by": -1, "date": "2013-09-06T09:42:18", "created_on": "2013-09-06T09:42:18", "additional_information": "gnrjgnjk", "address": "ksd,res,gasabo", "modified_on": "2013-09-06T09:42:18"}}, {"pk": 20, "model": "orders.order", "fields": {"status": 1, "modified_by": -1, "name": "mark", "restaurant": 1, "mobile": "+250785559899", "is_active": true, "created_by": -1, "date": "2013-09-06T10:05:25", "created_on": "2013-09-06T10:05:25", "additional_information": "jrjr", "address": "kacyiru, P.O Box 7186 Kigali, Rwanda", "modified_on": "2013-09-06T10:05:25"}}, {"pk": 21, "model": "orders.order", "fields": {"status": 1, "modified_by": -1, "name": "mark", "restaurant": 1, "mobile": "+250785559899", "is_active": true, "created_by": -1, "date": "2013-09-06T10:13:00", "created_on": "2013-09-06T10:13:00", "additional_information": "jrjr", "address": "kacyiru, P.O Box 7186 Kigali, Rwanda", "modified_on": "2013-09-06T10:13:00"}}, {"pk": 22, "model": "orders.order", "fields": {"status": 1, "modified_by": -1, "name": "mark", "restaurant": 1, "mobile": "+250785559899", "is_active": true, "created_by": -1, "date": "2013-09-06T10:15:04", "created_on": "2013-09-06T10:15:04", "additional_information": "jrjr", "address": "kacyiru, P.O Box 7186 Kigali, Rwanda", "modified_on": "2013-09-06T10:15:04"}}, {"pk": 23, "model": "orders.order", "fields": {"status": 1, "modified_by": -1, "name": "mark", "restaurant": 1, "mobile": "+250785559899", "is_active": true, "created_by": -1, "date": "2013-09-06T10:15:56", "created_on": "2013-09-06T10:15:56", "additional_information": "jrjr", "address": "kacyiru, P.O Box 7186 Kigali, Rwanda", "modified_on": "2013-09-06T10:15:56"}}, {"pk": 24, "model": "orders.order", "fields": {"status": 3, "modified_by": 2, "name": "mark", "restaurant": 1, "mobile": "+250785559899", "is_active": true, "created_by": -1, "date": "2013-09-06T11:22:44", "created_on": "2013-09-06T10:20:40", "additional_information": "eekeke", "address": "ksd,res,gasabo", "modified_on": "2013-09-06T11:22:44"}}, {"pk": 25, "model": "orders.order", "fields": {"status": 1, "modified_by": -1, "name": "mark", "restaurant": 1, "mobile": "+250785559899", "is_active": true, "created_by": -1, "date": "2013-09-09T09:50:00", "created_on": "2013-09-09T09:50:00", "additional_information": "testing", "address": "klab Restaurant,6th floor Telecom house,Kacyiru", "modified_on": "2013-09-09T09:50:00"}}, {"pk": 26, "model": "orders.order", "fields": {"status": 1, "modified_by": -1, "name": "marko", "restaurant": 1, "mobile": "+250783745316", "is_active": true, "created_by": -1, "date": "2013-09-09T12:39:31", "created_on": "2013-09-09T12:39:31", "additional_information": "hot hot", "address": "klab Restaurant,6th floor Telecom house,Kacyiru", "modified_on": "2013-09-09T12:39:31"}}, {"pk": 27, "model": "orders.order", "fields": {"status": 1, "modified_by": -1, "name": "Ruti", "restaurant": 1, "mobile": "+250783745316", "is_active": true, "created_by": -1, "date": "2013-09-10T12:30:36", "created_on": "2013-09-10T12:30:36", "additional_information": "hurry up", "address": "carnegie", "modified_on": "2013-09-10T12:30:36"}}, {"pk": 1, "model": "orders.recieved_order", "fields": {"modified_by": -1, "option": 1, "price": "0.00", "is_active": true, "created_by": -1, "item": 1, "created_on": "2013-09-02T11:24:18", "toppings_and_extras": [], "modified_on": "2013-09-02T11:24:18", "date_added": "2013-09-02T11:24:18", "order": 1, "quantity": 2}}, {"pk": 2, "model": "orders.recieved_order", "fields": {"modified_by": -1, "option": 1, "price": "500.00", "is_active": true, "created_by": -1, "item": 5, "created_on": "2013-09-04T14:17:22", "toppings_and_extras": [], "modified_on": "2013-09-04T14:17:22", "date_added": "2013-09-04T14:17:22", "order": 2, "quantity": 2}}, {"pk": 3, "model": "orders.recieved_order", "fields": {"modified_by": -1, "option": null, "price": "0.00", "is_active": true, "created_by": -1, "item": 1, "created_on": "2013-09-06T08:57:39", "toppings_and_extras": [], "modified_on": "2013-09-06T08:57:39", "date_added": "2013-09-06T08:57:39", "order": 13, "quantity": 2}}, {"pk": 4, "model": "orders.recieved_order", "fields": {"modified_by": -1, "option": null, "price": "0.00", "is_active": true, "created_by": -1, "item": 1, "created_on": "2013-09-06T08:59:48", "toppings_and_extras": [], "modified_on": "2013-09-06T08:59:48", "date_added": "2013-09-06T08:59:48", "order": 14, "quantity": 2}}, {"pk": 5, "model": "orders.recieved_order", "fields": {"modified_by": -1, "option": null, "price": "0.00", "is_active": true, "created_by": -1, "item": 1, "created_on": "2013-09-06T09:02:25", "toppings_and_extras": [], "modified_on": "2013-09-06T09:02:25", "date_added": "2013-09-06T09:02:25", "order": 15, "quantity": 2}}, {"pk": 6, "model": "orders.recieved_order", "fields": {"modified_by": -1, "option": null, "price": "0.00", "is_active": true, "created_by": -1, "item": 1, "created_on": "2013-09-06T09:03:46", "toppings_and_extras": [], "modified_on": "2013-09-06T09:03:46", "date_added": "2013-09-06T09:03:46", "order": 16, "quantity": 2}}, {"pk": 7, "model": "orders.recieved_order", "fields": {"modified_by": -1, "option": null, "price": "0.00", "is_active": true, "created_by": -1, "item": 1, "created_on": "2013-09-06T09:04:40", "toppings_and_extras": [], "modified_on": "2013-09-06T09:04:40", "date_added": "2013-09-06T09:04:40", "order": 17, "quantity": 2}}, {"pk": 8, "model": "orders.recieved_order", "fields": {"modified_by": -1, "option": null, "price": "0.00", "is_active": true, "created_by": -1, "item": 1, "created_on": "2013-09-06T09:18:33", "toppings_and_extras": [], "modified_on": "2013-09-06T09:18:33", "date_added": "2013-09-06T09:18:33", "order": 18, "quantity": 2}}, {"pk": 9, "model": "orders.recieved_order", "fields": {"modified_by": -1, "option": null, "price": "0.00", "is_active": true, "created_by": -1, "item": 1, "created_on": "2013-09-06T09:55:05", "toppings_and_extras": [], "modified_on": "2013-09-06T09:58:58", "date_added": "2013-09-06T09:58:58", "order": 19, "quantity": 2}}, {"pk": 10, "model": "orders.recieved_order", "fields": {"modified_by": -1, "option": null, "price": "0.00", "is_active": true, "created_by": -1, "item": 1, "created_on": "2013-09-06T10:05:25", "toppings_and_extras": [1, 2], "modified_on": "2013-09-06T10:05:25", "date_added": "2013-09-06T10:05:25", "order": 20, "quantity": 2}}, {"pk": 11, "model": "orders.recieved_order", "fields": {"modified_by": -1, "option": null, "price": "0.00", "is_active": true, "created_by": -1, "item": 1, "created_on": "2013-09-06T10:13:00", "toppings_and_extras": [], "modified_on": "2013-09-06T10:13:00", "date_added": "2013-09-06T10:13:00", "order": 21, "quantity": 2}}, {"pk": 12, "model": "orders.recieved_order", "fields": {"modified_by": -1, "option": null, "price": "0.00", "is_active": true, "created_by": -1, "item": 1, "created_on": "2013-09-06T10:15:05", "toppings_and_extras": [], "modified_on": "2013-09-06T10:15:05", "date_added": "2013-09-06T10:15:05", "order": 22, "quantity": 2}}, {"pk": 13, "model": "orders.recieved_order", "fields": {"modified_by": -1, "option": null, "price": "0.00", "is_active": true, "created_by": -1, "item": 1, "created_on": "2013-09-06T10:15:57", "toppings_and_extras": [1, 2], "modified_on": "2013-09-06T10:15:57", "date_added": "2013-09-06T10:15:57", "order": 23, "quantity": 2}}, {"pk": 14, "model": "orders.recieved_order", "fields": {"modified_by": -1, "option": null, "price": "0.00", "is_active": true, "created_by": -1, "item": 1, "created_on": "2013-09-06T10:20:40", "toppings_and_extras": [1, 2], "modified_on": "2013-09-06T10:20:40", "date_added": "2013-09-06T10:20:40", "order": 24, "quantity": 1}}, {"pk": 15, "model": "orders.recieved_order", "fields": {"modified_by": -1, "option": null, "price": "500.00", "is_active": true, "created_by": -1, "item": 5, "created_on": "2013-09-09T09:50:00", "toppings_and_extras": [], "modified_on": "2013-09-09T09:50:00", "date_added": "2013-09-09T09:50:00", "order": 25, "quantity": 2}}, {"pk": 16, "model": "orders.recieved_order", "fields": {"modified_by": -1, "option": 2, "price": "1000.00", "is_active": true, "created_by": -1, "item": 1, "created_on": "2013-09-09T12:39:31", "toppings_and_extras": [1], "modified_on": "2013-09-09T12:39:31", "date_added": "2013-09-09T12:39:31", "order": 26, "quantity": 2}}, {"pk": 17, "model": "orders.recieved_order", "fields": {"modified_by": -1, "option": 1, "price": "0.00", "is_active": true, "created_by": -1, "item": 1, "created_on": "2013-09-10T12:30:36", "toppings_and_extras": [1, 2], "modified_on": "2013-09-10T12:30:36", "date_added": "2013-09-10T12:30:36", "order": 27, "quantity": 2}}]